{
    "dic_operations" : {
        "Compras": 0,
        "Streaming" : 0,
        "Jogos" : 0,
        "Transferências": 0,
        "Levantamentos": 0,
        "Depósitos": 0,
        "Depósitos Prazo" : 0,
        "Anulações": 0,
        "Comissões": 0,
        "Carregamentos": 0,
        "Impostos": 0,
        "Transportes": 0,
        "Telecomunicações": 0,
        "Viagens": 0,
        "Hotelaria": 0,
        "Ordenados": 0,
        "Restauração": 0,
        "Saúde": 0,
        "Moda": 0,
        "Estacionamento": 0,
        "Alimentação": 0,
        "Pagamentos": 0,
        "Tecnologia": 0,
        "Cultura": 0,
        "Combustíveis": 0,
        "Outros": 0
    },
    "dic_options" : {
        "Compras": ["COMPRA", "COMPRAS", "AMZN", "PAGAMENTO", "PAGAMENTOS", "MERCADONA", "SERDIAL", "DECATHLON", "HIPAY SAS", "HIPAY", "PAYPAL"],
        "Streaming" : ["SPOTIFY", "NETFLIX", "AMAZON", "AMAZON.COM", "AMAZON UK", "AMAZON UK MARKETPLACE", "AMAZO"],
        "Jogos" : ["STEAM", "STEAMGAMES", "STEAMPOWERED", "STEAMPOWERED.COM", "STEAMPOWERED.COM/BILL"],
        "Transferências" : ["TRANSFERÊNCIA", "TRF", "TFI"],
        "Levantamentos" : ["LEVANTAMENTO", "WITHDRAWL"],
        "Depósitos" : ["Deposit", "DEPOSITO", "DEPOSIT"],
        "Depósitos Prazo": ["DEPPRAZO", "ABR DEPPRAZO"],
        "Anulações": ["Anulação", "ANULAÇÃO"],
        "Comissões": ["Comissão", "COMISSÃO", "COMISSAO"],
        "Carregamentos": ["Carregamento", "CARREGAMENTO"],
        "Impostos": ["IMPOSTO", "IMPOSTOS"],
        "Transportes": ["TIP", "TRANSPORTE", "TRANSPORTES", "UBER", "BOLT", "TAXI", "AVEIROBUS", "TRANSDEV", "CP", "COMBOIOS", "METRO", "METRO DO PORTO", "METRO DO PORTO, S.A.", "METRO DO PORTO, S.A.", "TD EXPRESSOS"],
        "Telecomunicações": ["VODAFONE", "NOS", "MEO", "NOWO", "NOWO - COMUNICAÇÕES, S.A.", "VODAFONE.PT"],
        "Viagens": ["EASYJET",  "TAP", "TAP AIR PORTUGAL", "TAP AIR PORTUGAL, S.A.", "TAP AIR PORTUGAL, S.A.", "RYANAIR", "EMIRATES", "AIRBNB", "AIRBNB.COM"],
        "Hotelaria": ["HOTEL", "HOTELARIA"],
        "Ordenados": ["Ordenado", "ORDENADO", "SALÁRIO", "SALARIO"],
        "Restauração": ["ARAUJO", "ARAUJO VIDE", "RESTAURANTE", "RESTAURAÇÃO", "RESTAURACAO", "RESTAURACAO", "MALANDRINHO", "LEITARIA", "GELATARIA", "GELADOS", "GELADO"],
        "Saúde": ["WELL'S", "WELLS", "FARMACIA", "CELEIRO", "FARMÁCIA", "FARMACIAS", "FARMÁCIAS"],
        "Moda" : ["SPRING","SPRING.8.AV.S.J.MAD.","HM", "ZARA", "BERSHKA", "PULL&BEAR", "STRADIVARIUS", "ZARA HOME", "ZARA.COM", "BERSHKA.COM", "PULLANDBEAR.COM", "STRADIVARIUS.COM", "ZARA HOME.COM", "ZARA.COM", "INTIMISSIMI"],
        "Estacionamento": ["ESTACIONAMENTO", "PARQUIMETRO", "PARQUÍMETRO", "PARQUIMETROS", "PARQUÍMETROS", "EMEL", "PARQUE"],
        "Alimentação": ["ASSICANTI", "CONTINENTE", "MINIPREÇO", "LIDL", "ALDI", "PÃO DE AÇÚCAR", "PÃO DE ACUCAR", "PÃO DE AÇUCAR", "PÃO DE ACÚCAR", "PINGO DOCE", "PINGO", "PAO"],
        "Tecnologia": ["PCDIGA", "FNAC", "WORTEN", "RÁDIO", "RADIO", "SAMSUNG", "RÁDIO POPULAR", "APPLE"],
        "Cultura": ["BOL"],
        "Combustíveis": ["GALP", "REPSOL", "BP", "CEPSA", "GALP ENERGIA", "REPSOL PORTUGAL", "BP PORTUGAL", "CEPSA PORTUGAL", "CPCP", "CPCP - COMBUSTÍVEIS, S.A."]
    }
}